{
    "results": {
        "tool": {
            "name": "pytest",
            "version": "8.4.1"
        },
        "summary": {
            "tests": 2,
            "passed": 2,
            "failed": 0,
            "skipped": 0,
            "pending": 0,
            "other": 0,
            "start": 1771621592.7530465,
            "stop": 1771621592.7967157
        },
        "tests": [
            {
                "name": "test_outputs.py::test_about_file",
                "status": "passed",
                "duration": 0.0014172089940984733,
                "start": 1771621592.7936478,
                "stop": 1771621592.7954972,
                "retries": 0,
                "file_path": "test_outputs.py"
            },
            {
                "name": "test_outputs.py::test_layout_file",
                "status": "passed",
                "duration": 0.00043195900070713833,
                "start": 1771621592.7957556,
                "stop": 1771621592.7963254,
                "retries": 0,
                "file_path": "test_outputs.py"
            }
        ]
    }
}