{
    "results": {
        "tool": {
            "name": "pytest",
            "version": "8.4.1"
        },
        "summary": {
            "tests": 2,
            "passed": 2,
            "failed": 0,
            "skipped": 0,
            "pending": 0,
            "other": 0,
            "start": 1771596764.7019963,
            "stop": 1771596764.7378857
        },
        "tests": [
            {
                "name": "test_outputs.py::test_summary_file_exists",
                "status": "passed",
                "duration": 0.0005918750102864578,
                "start": 1771596764.7342856,
                "stop": 1771596764.7353632,
                "retries": 0,
                "file_path": "test_outputs.py"
            },
            {
                "name": "test_outputs.py::test_summary_structure_and_counts",
                "status": "passed",
                "duration": 0.0015564179993816651,
                "start": 1771596764.7355824,
                "stop": 1771596764.7374341,
                "retries": 0,
                "file_path": "test_outputs.py"
            }
        ]
    }
}