{
    "results": {
        "tool": {
            "name": "pytest",
            "version": "8.4.1"
        },
        "summary": {
            "tests": 2,
            "passed": 2,
            "failed": 0,
            "skipped": 0,
            "pending": 0,
            "other": 0,
            "start": 1771606063.6430783,
            "stop": 1771606063.6708846
        },
        "tests": [
            {
                "name": "test_outputs.py::test_summary_file_exists",
                "status": "passed",
                "duration": 0.0005936239977017976,
                "start": 1771606063.6684856,
                "stop": 1771606063.669812,
                "retries": 0,
                "file_path": "test_outputs.py"
            },
            {
                "name": "test_outputs.py::test_summary_structure_and_counts",
                "status": "passed",
                "duration": 0.00040179200732382014,
                "start": 1771606063.6700122,
                "stop": 1771606063.6705313,
                "retries": 0,
                "file_path": "test_outputs.py"
            }
        ]
    }
}