{
    "results": {
        "tool": {
            "name": "pytest",
            "version": "8.4.1"
        },
        "summary": {
            "tests": 2,
            "passed": 2,
            "failed": 0,
            "skipped": 0,
            "pending": 0,
            "other": 0,
            "start": 1771886486.3291597,
            "stop": 1771886486.9055154
        },
        "tests": [
            {
                "name": "test_outputs.py::test_about_file",
                "status": "passed",
                "duration": 0.04151908399944659,
                "start": 1771886486.8380747,
                "stop": 1771886486.881483,
                "retries": 0,
                "file_path": "test_outputs.py"
            },
            {
                "name": "test_outputs.py::test_layout_file",
                "status": "passed",
                "duration": 0.0222367489914177,
                "start": 1771886486.882039,
                "stop": 1771886486.9047086,
                "retries": 0,
                "file_path": "test_outputs.py"
            }
        ]
    }
}