{
    "results": {
        "tool": {
            "name": "pytest",
            "version": "8.4.1"
        },
        "summary": {
            "tests": 2,
            "passed": 2,
            "failed": 0,
            "skipped": 0,
            "pending": 0,
            "other": 0,
            "start": 1771677088.6220894,
            "stop": 1771677088.7834072
        },
        "tests": [
            {
                "name": "test_outputs.py::test_about_file",
                "status": "passed",
                "duration": 0.001909541999339126,
                "start": 1771677088.7781746,
                "stop": 1771677088.7808626,
                "retries": 0,
                "file_path": "test_outputs.py"
            },
            {
                "name": "test_outputs.py::test_layout_file",
                "status": "passed",
                "duration": 0.0009143740171566606,
                "start": 1771677088.7814853,
                "stop": 1771677088.7826416,
                "retries": 0,
                "file_path": "test_outputs.py"
            }
        ]
    }
}