{
    "results": {
        "tool": {
            "name": "pytest",
            "version": "8.4.1"
        },
        "summary": {
            "tests": 2,
            "passed": 2,
            "failed": 0,
            "skipped": 0,
            "pending": 0,
            "other": 0,
            "start": 1771608879.669539,
            "stop": 1771608879.690426
        },
        "tests": [
            {
                "name": "test_outputs.py::test_summary_file_exists",
                "status": "passed",
                "duration": 0.0005404590119724162,
                "start": 1771608879.6884472,
                "stop": 1771608879.6893744,
                "retries": 0,
                "file_path": "test_outputs.py"
            },
            {
                "name": "test_outputs.py::test_summary_structure_and_counts",
                "status": "passed",
                "duration": 0.00039070900675142184,
                "start": 1771608879.6895444,
                "stop": 1771608879.690065,
                "retries": 0,
                "file_path": "test_outputs.py"
            }
        ]
    }
}