{
    "results": {
        "tool": {
            "name": "pytest",
            "version": "8.4.1"
        },
        "summary": {
            "tests": 2,
            "passed": 2,
            "failed": 0,
            "skipped": 0,
            "pending": 0,
            "other": 0,
            "start": 1775819929.1238399,
            "stop": 1775819929.1467147
        },
        "tests": [
            {
                "name": "test_outputs.py::test_summary_file_exists",
                "status": "passed",
                "duration": 0.0005588749991147779,
                "start": 1775819929.1442924,
                "stop": 1775819929.1453142,
                "retries": 0,
                "file_path": "test_outputs.py"
            },
            {
                "name": "test_outputs.py::test_summary_structure_and_counts",
                "status": "passed",
                "duration": 0.00045458500062522944,
                "start": 1775819929.1455724,
                "stop": 1775819929.146248,
                "retries": 0,
                "file_path": "test_outputs.py"
            }
        ]
    }
}