{
    "results": {
        "tool": {
            "name": "pytest",
            "version": "8.4.1"
        },
        "summary": {
            "tests": 2,
            "passed": 2,
            "failed": 0,
            "skipped": 0,
            "pending": 0,
            "other": 0,
            "start": 1775816180.7445564,
            "stop": 1775816180.7824826
        },
        "tests": [
            {
                "name": "test_outputs.py::test_about_file",
                "status": "passed",
                "duration": 0.001342249999993328,
                "start": 1775816180.7792313,
                "stop": 1775816180.7809796,
                "retries": 0,
                "file_path": "test_outputs.py"
            },
            {
                "name": "test_outputs.py::test_layout_file",
                "status": "passed",
                "duration": 0.0006395819999625019,
                "start": 1775816180.7812238,
                "stop": 1775816180.7820756,
                "retries": 0,
                "file_path": "test_outputs.py"
            }
        ]
    }
}