{
    "results": {
        "tool": {
            "name": "pytest",
            "version": "8.4.1"
        },
        "summary": {
            "tests": 2,
            "passed": 2,
            "failed": 0,
            "skipped": 0,
            "pending": 0,
            "other": 0,
            "start": 1771889856.2442017,
            "stop": 1771889856.4817429
        },
        "tests": [
            {
                "name": "test_outputs.py::test_output_file_exists",
                "status": "passed",
                "duration": 0.004369083006167784,
                "start": 1771889856.4679127,
                "stop": 1771889856.4743614,
                "retries": 0,
                "file_path": "test_outputs.py"
            },
            {
                "name": "test_outputs.py::test_output_is_correct",
                "status": "passed",
                "duration": 0.0037213330215308815,
                "start": 1771889856.4753213,
                "stop": 1771889856.4802313,
                "retries": 0,
                "file_path": "test_outputs.py"
            }
        ]
    }
}