{
    "results": {
        "tool": {
            "name": "pytest",
            "version": "8.4.1"
        },
        "summary": {
            "tests": 2,
            "passed": 2,
            "failed": 0,
            "skipped": 0,
            "pending": 0,
            "other": 0,
            "start": 1771622658.9583235,
            "stop": 1771622659.000306
        },
        "tests": [
            {
                "name": "test_outputs.py::test_about_file",
                "status": "passed",
                "duration": 0.0016478749967063777,
                "start": 1771622658.9972415,
                "stop": 1771622658.9992852,
                "retries": 0,
                "file_path": "test_outputs.py"
            },
            {
                "name": "test_outputs.py::test_layout_file",
                "status": "passed",
                "duration": 0.00033266700484091416,
                "start": 1771622658.9995098,
                "stop": 1771622658.9999576,
                "retries": 0,
                "file_path": "test_outputs.py"
            }
        ]
    }
}