{
    "results": {
        "tool": {
            "name": "pytest",
            "version": "8.4.1"
        },
        "summary": {
            "tests": 2,
            "passed": 2,
            "failed": 0,
            "skipped": 0,
            "pending": 0,
            "other": 0,
            "start": 1775816791.8046272,
            "stop": 1775816791.8372447
        },
        "tests": [
            {
                "name": "test_outputs.py::test_about_file",
                "status": "passed",
                "duration": 0.0020304169997871213,
                "start": 1775816791.8338175,
                "stop": 1775816791.8362515,
                "retries": 0,
                "file_path": "test_outputs.py"
            },
            {
                "name": "test_outputs.py::test_layout_file",
                "status": "passed",
                "duration": 0.0003415419996599667,
                "start": 1775816791.836425,
                "stop": 1775816791.8369164,
                "retries": 0,
                "file_path": "test_outputs.py"
            }
        ]
    }
}