{
    "results": {
        "tool": {
            "name": "pytest",
            "version": "8.4.1"
        },
        "summary": {
            "tests": 2,
            "passed": 2,
            "failed": 0,
            "skipped": 0,
            "pending": 0,
            "other": 0,
            "start": 1771934663.3720245,
            "stop": 1771934663.4553263
        },
        "tests": [
            {
                "name": "test_outputs.py::test_about_file",
                "status": "passed",
                "duration": 0.005810708971694112,
                "start": 1771934663.4459653,
                "stop": 1771934663.4526932,
                "retries": 0,
                "file_path": "test_outputs.py"
            },
            {
                "name": "test_outputs.py::test_layout_file",
                "status": "passed",
                "duration": 0.001136250008130446,
                "start": 1771934663.453004,
                "stop": 1771934663.4544237,
                "retries": 0,
                "file_path": "test_outputs.py"
            }
        ]
    }
}